domains,name
rbc.com,RBC
ibm.com,IBM
intel.com,Intel
jnj.com,Johnson & Johnson
who.int,WHO
bandvengineering.com.au,B and V Engineering
inox-denmar.com,DEN-MAR
etsengineering.net,ETS Engineering
vacationhomesinthesmokies.com,Smoky Mountain Real Estate
coldwellhomes.com,Coldwell Banker Real Estate Group
machjetaviation.com,MachJet
massgeneralbrigham.org,Mass General Brigham
mcleanspub.com,McLean's Pub
controleng.com,Control Engineering
escinc.biz,ESC
morgan-design.net,Morgan Design Group
trucking.mb.ca,Manitoba Trucking Association
4exits.com,
jblfinancial.com,JBL Financial Services
grayoptics.com,Gray Optics
vitadentalhouston.com,vita DENTAL
gcb.net.au,GCB
sololandscape.com,SOLO LANDSCAPE
handjetprinter.com,Meenjet
volvocarsofjackson.com,Paul Moak Volvo Cars
aircommanderusa.com,Air Commander Test & Balance
wumdrop.com,WumDrop
palmbeachwell.com,Palm Beach Wellness
privatplejen.dk,Privatplejen
fischerengr.com,Fischer Engineering
dechra.com,Dechra